{"track_id": 1023, "course_type": "CHOICE", "year_in_studies": 3, "index_in_track_year": 11, "required_course_count": null, "required_points": null, "comment": "מדעי הקוגניציה קורסי בחירה שנה ג במהלך התואר יש ללמוד 12 נ\"ז מכלל קורסי הבחירה של החוג", "course_ids": ["6828", "34861", "34940", "34995", "51414", "51577", "51601", "51871", "51983", "67548", "67577", "67658", "72369", "76900", "76901", "76908", "76915", "76915", "76920", "76931", "76937", "76949", "76952", "76956", "77902", "80428", "76903", "76914", "76932"]}