{"track_id": 1025, "course_type": "CHOICE", "year_in_studies": 3, "index_in_track_year": 4, "required_course_count": null, "required_points": null, "comment": ". סטטיסטיקה. להשלמת התואר בסטטיסטיקה (49 נ\"ז) יש ללמוד 16 נ\"ז קורסי בחירה. ניתן לבחור קורסים מהמחלקה לסטטיסטיקה (מהרשימה שלהלן) או מהחוגים מתמטיקה ומדעי המחשב בהתאם להנחיות המופיעות בשנתון סטטיסטיקה.", "course_ids": ["52010", "52542", "52568", "52640", "52700", "52710", "52747", "52755"]}