{"track_id": 1040, "course_type": "CHOOSE_FROM_LIST", "year_in_studies": 2, "index_in_track_year": 3, "required_course_count": null, "required_points": null, "comment": "עליך לבחור סמינריון אחד ולא יותר משניים מהרשימה הבאה:", "course_ids": ["80449", "80568", "80578", "80612", "80624", "80640", "80717", "80741", "80744", "80745", "80762", "80808", "80833", "80862", "80872", "80875", "80882", "80915", "80916", "80942", "80943", "80977", "80995", "80588"]}