{"track_id": 1041, "course_type": "CHOICE", "year_in_studies": 1, "index_in_track_year": 3, "required_course_count": null, "required_points": null, "comment": "להשלמת הנקודות במתמטיקה אפשר לבחור מרשימת הקורסים הבאה:", "course_ids": ["67720", "80421", "80424", "80539", "80540", "80541", "80551", "80551", "80559", "80562", "80568", "80569", "80579", "80615", "80627", "80637", "80640", "80650", "80654", "80663", "80694", "80718", "80756", "80766", "80779", "80787", "80788", "80789", "80843", "80855", "80869", "80896", "80910", "80915", "80926", "80931", "80960", "80970"]}