{"track_id": 2010, "course_type": "CHOOSE_FROM_LIST", "year_in_studies": 3, "index_in_track_year": 2, "required_course_count": null, "required_points": null, "comment": "יש ללמוד 12 נ\"זים בשנים ב' ג', לא יותר משני קורסים מבין הקורסים:77542, 77603, 77609. יש לשים לב לדרישות קדם. קורס 77532 חובה לממשיכים למוסמך.", "course_ids": ["77501", "77532", "77542", "77602", "77603", "77606", "77607", "77609", "77662", "77693"]}