{"track_id": 2011, "course_type": "CHOOSE_FROM_LIST", "year_in_studies": 3, "index_in_track_year": 1, "required_course_count": null, "required_points": null, "comment": ". יש לבחור קורס אחד מהרשימה, מספר המקומות בכל סמינריון מוגבל ל- 12 משתתפים, מומלץ להירשם בתחילת השנה.", "course_ids": ["77568", "77634", "77638", "77640", "77645", "77646", "77656", "77696", "77874", "77925", "77308", "77591", "77642", "77664", "77740"]}