{"track_id": 2025, "course_type": "CHOOSE_FROM_LIST", "year_in_studies": 2, "index_in_track_year": 3, "required_course_count": null, "required_points": null, "comment": "קורסי בסיס בהסתברות וסטטיסטיקה יש ללמוד בשנים א-ב יש לבחור אחד מבין הקורסים תלמידים שהחוג השני שלהם הוא סטטיסטיקה/כלכלה/מדעי החיים/פסיכולוגיה ילמדו את קורסי הסטטיסטיקה הניתנים בחוגם.", "course_ids": ["51102", "52220", "72301", "80420"]}