{"track_id": 3018, "course_type": "CHOICE", "year_in_studies": 3, "index_in_track_year": 5, "required_course_count": null, "required_points": null, "comment": ". קורסי מוסמך הפתוחים לתלמידי שנה ג. לתשומת לבכם ייתכן והקורסים יילמדו בשפה האנגלית.", "course_ids": ["55923", "67301", "67391", "67508", "67515", "67520", "67532", "67596", "67601", "67604", "67613", "67618", "67619", "67705", "67720", "67735", "67750", "67824", "67868", "67895", "76908", "76909", "76915", "76921", "67297", "67513", "67519", "67621", "67674", "67677", "67682", "67803", "67804", "67811", "67866", "67883", "67914", "67914", "67917", "67939", "67945", "67978"]}