{"track_id": 3033, "course_type": "CHOICE", "year_in_studies": 3, "index_in_track_year": 1, "required_course_count": null, "required_points": null, "comment": ". במסגרת החוג לאינטרנט וחברה יש ללמוד 8 נ\"ז קורסי בחירה (במהלך שנים ב'-ג') ניתן לבחור מהרשימה מטה או לבחור קורסים אחרים באישור ראש החוג באמצעות רכזת החוג.", "course_ids": ["50010", "50019", "50056", "50059", "50068", "50075", "50102", "50482", "50781", "62324", "54235", "56016", "67835"]}