{"track_id": 3035, "course_type": "CHOOSE_FROM_LIST", "year_in_studies": 2, "index_in_track_year": 2, "required_course_count": null, "required_points": null, "comment": ". במסגרת החוג למנהל עסקים יש ללמוד 19 נ\"ז קורסי בחירה. מתוכם 5 נ\"ז מכל חוג באוניברסיטה מלבד קורסי שפה והיתר 14 נ\"ז יש לבחור מרשימה זו במהלך שנים ב או ג:", "course_ids": ["40104", "40481", "55111", "55112", "55113", "55124", "55403", "55432", "55534", "55665", "55775", "55799", "55826", "55836", "55939", "54226"]}