{"track_id": 3036, "course_type": "CHOOSE_FROM_LIST", "year_in_studies": 3, "index_in_track_year": 2, "required_course_count": null, "required_points": null, "comment": ". במסגרת סטטיסטיקה ומדע הנתונים יש לבחור 6 נ\"ז מרשימה זו. לתשומת לבכם - תלמידים לתואר בוגר בפקולטה למדעי החברה, מחויבים במסגרת לימודי הבחירה ללמוד קורס בשפה האנגלית בהיקף 2 נ\"ז לפחות (באחד מהחוגים)", "course_ids": ["52542", "52640", "52700", "52710", "52747", "52755"]}