{"track_id": 3046, "course_type": "CHOICE", "year_in_studies": 2, "index_in_track_year": 6, "required_course_count": null, "required_points": null, "comment": "לבחירת קורסים נוספים/ אחרים יש לפנות ליועץ,. יש לבחור קורסי בחירה מתחומים הקשורים לננו-מדע וננו-טכנולוגיה. יש לבחור לפחות קורס בחירה אחד מאשכול שאינו חוג האם. להלן אשכול ננו-רפואה:", "course_ids": ["64304", "64853", "64860", "64882", "64891", "64801", "64805", "64808", "64872", "64888"]}