{"track_id": 3046, "course_type": "CHOICE", "year_in_studies": 1, "index_in_track_year": 4, "required_course_count": null, "required_points": null, "comment": "לבחירת קורסים נוספים/ אחרים יש לפנות ליועץ,. יש לבחור קורסי בחירה מתחומים הקשורים לננו-מדע וננו-טכנולוגיה. יש לבחור לפחות קורס בחירה אחד מאשכול שאינו חוג האם. להלן אשכול פיסיקה יישומית:", "course_ids": ["83510", "83511", "83535", "83536", "83812", "83836", "83842", "83856", "83861", "83876", "83887", "83888", "83839", "83860", "83901", "83949"]}