{"track_id": 3046, "course_type": "CHOICE", "year_in_studies": 1, "index_in_track_year": 5, "required_course_count": null, "required_points": null, "comment": "לבחירת קורסים נוספים/ אחרים יש לפנות ליועץ,. יש לבחור קורסי בחירה מתחומים הקשורים לננו-מדע וננו-טכנולוגיה. יש לבחור לפחות קורס בחירה אחד מאשכול שאינו חוג האם. להלן אשכול פיסיקה:", "course_ids": ["77082", "77315", "77320", "77656", "77662", "77697", "77742", "77807", "77891", "77960", "77961", "77541", "77664", "77743", "77853", "77871", "77899", "77999"]}