{"track_id": 3046, "course_type": "CHOICE", "year_in_studies": 2, "index_in_track_year": 3, "required_course_count": null, "required_points": null, "comment": "לבחירת קורסים נוספים/ אחרים יש לפנות ליועץ,. יש לבחור קורסי בחירה מתחומים הקשורים לננו-מדע וננו-טכנולוגיה. יש לבחור לפחות קורס בחירה אחד מאשכול שאינו חוג האם. להלן אשכול כימיה:", "course_ids": ["69317", "69317", "69317", "69501", "69503", "69512", "69605", "69609", "69611", "69615", "69617", "69625", "69630", "69640", "69655", "69671", "69674", "69681", "69683", "69685", "69700", "69708", "69710", "69807", "69814", "69814", "69834", "69835", "69900", "69920", "69521", "69619", "69631", "69633", "69661", "69677", "69678", "69689", "69704", "69800", "69829", "69899", "69902", "69921"]}