{"track_id": 3050, "course_type": "MUST", "year_in_studies": 2, "index_in_track_year": 0, "required_course_count": 25, "required_points": null, "comment": ". חובה ללמוד את הקורס הממוחשב בבטיחות. יש ללמוד את הקורס 67109 בסמסטר א ואת 67504 בסמ' ב'. יש ללמוד את 80430 בסמסטר א'. למי ששוקל לקחת אשכול מערכות חומרה בהמשך, מומלץ לקחת קורס 83328 בסמסטר ב (ניתן לדחות לצורך זה קורס חובה)", "course_ids": ["67002", "67109", "67125", "67200", "67312", "67504", "67651", "67653", "80314", "80430", "83315", "83325", "83335"]}