{"track_id": 1022, "course_type": "CHOICE", "year_in_studies": 3, "index_in_track_year": 4, "required_course_count": null, "required_points": null, "comment": "סטטיסטיקה. להשלמת התואר בסטטיסטיקה יש ללמוד קורסי בחירה בהיקף 16 נ\"ז. ניתן לבחור קורסים מהמחלקה לסטטיסטיקה (מהרשימה שלהלן) או מהחוגים מתמטיקה ומדעי המחשב בהתאם להנחיות המופיעות בשנתון סטטיסטיקה.", "course_ids": ["52311", "52502", "52530", "52531", "52535", "52542", "52600", "52613", "52617", "52640", "52700", "52710", "52716", "52720", "52721", "52725", "52730", "52747", "52750", "52755"]}