{"track_id": 1023, "course_type": "MUST", "year_in_studies": 3, "index_in_track_year": 2, "required_course_count": 74, "required_points": null, "comment": "דרישת קדם: 06112 מבוא לחקר השפה קורס חובה בשנה ג' לתלמידי המסלולים המשלבים חוגים מהפקולטה למדעי הטבע קורס חובה בשנה ב' לתלמידי המסלולים המשלבים חוגים מהפקולטה למדעי החברה/מדעי הרוח", "course_ids": ["6155"]}