{"track_id": 2025, "course_type": "CHOICE", "year_in_studies": 2, "index_in_track_year": 6, "required_course_count": null, "required_points": null, "comment": "קוגניציה קורסים בחירה שנים ב-ג במהלך התואר יש ללמוד 12 נ\"ז מכלל קורסי הבחירה של החוג", "course_ids": ["6010", "6011", "6013", "6014", "6016", "6111", "6147", "6161", "6821", "15302", "36602", "36603", "36604", "36623", "39844", "51201", "51202", "51304", "51305", "51404", "51502", "51631", "51708", "51793", "51871", "51958"]}