{"track_id": 2025, "course_type": "CHOICE", "year_in_studies": 3, "index_in_track_year": 3, "required_course_count": null, "required_points": null, "comment": "קורסי בחירה בחוג לפיסיקה:", "course_ids": ["55772", "64890", "67458", "76626", "76908", "76909", "76929", "77153", "77313", "77315", "77320", "77401", "77407", "77412", "77501", "77522", "77532", "77541", "77542", "77602", "77603", "77605", "77606", "77609", "77611", "77616", "77619", "77635", "77652", "77891", "77909", "77998", "77999", "80301", "84810"]}