{"track_id": 2040, "course_type": "CHOICE", "year_in_studies": 2, "index_in_track_year": 8, "required_course_count": null, "required_points": null, "comment": "יש לבחור 10 נ\"ז בשנים א -וב (קורסים אחרים באישור יועץ).", "course_ids": ["55772", "67596", "76909", "77315", "77320", "77410", "77522", "77541", "77616", "77619", "77652", "77662", "77664", "77710", "77732", "77736", "77740", "77742", "77750", "77751", "77807", "77838", "77853", "77871", "77891", "77902", "77911", "77916", "77982", "77995", "77998", "77999", "84810"]}