{"track_id": 3011, "course_type": "CHOICE", "year_in_studies": 3, "index_in_track_year": 2, "required_course_count": null, "required_points": null, "comment": "קורסי מוסמך הפתוחים לתלמידי שנה ג. לתשומת לבכם בקורסים אלו לא יתקיימו מועדי ב. כמו כן, ייתכן והקורסים יילמדו בשפה האנגלית.", "course_ids": ["67288", "67297", "67467", "67508", "67520", "67525", "67542", "67579", "67593", "67596", "67599", "67613", "67621", "67622", "67632", "67645", "67658", "67663", "67674", "67677", "67682", "67705", "67715", "67717", "67720", "67738", "67749", "67797", "67798", "67803", "67804", "67811", "67833", "67866", "67890", "67895", "67914", "67978", "76908", "76909", "76915", "76921", "76929", "77812", "80513", "80598", "80600", "80601", "80607", "80608", "80668", "80972"]}