{"track_id": 3019, "course_type": "CHOICE", "year_in_studies": 2, "index_in_track_year": 6, "required_course_count": null, "required_points": null, "comment": "סטטיסטיקה. בשנים ב' ו- ג' יש ללמוד קורסי בחירה בהיקף 12 נ\"ז. ניתן לבחור קורסים מהמחלקה לסטטיסטיקה (מהרשימה שלהלן) או מהחוגים מתמטיקה ומדעי המחשב בהתאם להנחיות המופיעות בשנתון סטטיסטיקה.", "course_ids": ["52530", "52617", "52721"]}