{"track_id": 3020, "course_type": "CHOOSE_FROM_LIST", "year_in_studies": 3, "index_in_track_year": 1, "required_course_count": null, "required_points": null, "comment": "כלכלה - קורסי ליבה. מיועדים לתלמידי שנה ג' במחלקה. יש ללמוד קורסי ליבה בהיקף 8 נ\"ז. ניתן ללמוד את הקורס 'תורת המשחקים 1' (80428) בהיקף 3 נ\"ז, שייחשב קורס ליבה בכלכלה. את הנקודה החסרה יש להשלים במסגרת קורסי הבחירה בכלכלה.", "course_ids": ["54121", "57512", "57554", "57555", "57609", "57617", "57670", "57807"]}