{"track_id": 3022, "course_type": "CHOICE", "year_in_studies": 1, "index_in_track_year": 1, "required_course_count": null, "required_points": null, "comment": "השיעור הראשון יתקיים בשבוע השני של הסמסטר. קורס העשרה זה משלים חומר שקשור לקורס הבסיסי (80134) אך לא נכלל בו. קורס ההעשרה יתקדם בקצב יותר מהיר ומיועד רק לסטודנטים אשר מרגישים שהקורס הרגיל קל בשבילם. למרות שהחומר של הקורס יהיה שימושי בהמשך הלימודים, אף קורס לא יסתמך עליו באופן ישיר. הציון בקורס יהיה עובר/לא עובר וייקבע על סמך בוחן שיתקיים בשיעור האחרון.", "course_ids": ["80146", "85000"]}