{"track_id": 3046, "course_type": "CHOICE", "year_in_studies": 2, "index_in_track_year": 1, "required_course_count": null, "required_points": null, "comment": "קורסי בחירה מתחומים הקשורים לננו-מדע וננו-טכנולוגיה; יש לבחור קורסים משתי קבוצות לפחות. להלן אשכול פיסיקה: לתשובת לבכם, מבין הקורסים 77807 ו - 77656 ניתן לבחור רק אחד מהם.", "course_ids": ["77656", "77742", "77807", "77853", "77891", "77960", "77961", "77982"]}