{"track_id": 3050, "course_type": "CHOICE", "year_in_studies": 4, "index_in_track_year": 17, "required_course_count": null, "required_points": null, "comment": "לבחירת קורסי אשכולות שאינם מופיעים בשילוב האשכולות שנבחר, ניתן לבחור מרשימה זו. יש לאשר בחירת קורס ע\"י ראש החוג.", "course_ids": ["52309", "67506", "67542", "67548", "67549", "67577", "67593", "67594", "67609", "67613", "67660", "67731", "67738", "67746", "67829", "67842", "76929"]}