{"track_id": 3050, "course_type": "CHOICE", "year_in_studies": 1, "index_in_track_year": 1, "required_course_count": null, "required_points": null, "comment": "ניתן לבחור ללמוד את הקורסים ברשימה זו בשנה א'. שימו לב, קורסים אלו אינם חובה. יש ללמוד אותם רק במידה וזמנכם האישי מאפשר זאת. ניתן ללמוד את הקורס 80146 בשנה א' בלבד, קורס העשרה זה יתקדם בקצב יותר מהיר ומיועד רק לסטודנטים אשר מרגישים שהקורס הרגיל (80134) קל בשבילם.", "course_ids": ["80146", "85000"]}