{"track_id": 3051, "course_type": "CHOICE", "year_in_studies": 4, "index_in_track_year": 3, "required_course_count": null, "required_points": null, "comment": "להשלמת נקודות זכות ניתן לבחור מרשימת הקורסים הבאה: ניתן ללמוד את הקורס 76626 או 76623 (לא ניתן ללמוד את שניהם). הקורס 77307 יהפוך לקורס חובה בשנה ד' החל מתשע\"ח", "course_ids": ["67316", "67317", "67551", "67630", "76626", "77307", "83510", "83536", "83537", "83836", "83839", "83856", "83860", "83861", "83876", "83880", "83882", "83887", "83888"]}