{"track_id": 3080, "course_type": "CHOICE", "year_in_studies": 3, "index_in_track_year": 7, "required_course_count": null, "required_points": null, "comment": "להשלמת הנקודות במדעי החיים יש לבחור מרשימת הקורסים הבאה:", "course_ids": ["72329", "72342", "72343", "72345", "72346", "72350", "72352", "72359", "72369", "72585", "72604", "72619", "72623", "72633", "72637", "72639", "72646", "72664", "72665", "72677", "72679", "72683", "72707", "72745", "76555", "76705", "76711", "76715", "76716", "76724", "77320", "81813", "81855", "84000", "84863", "88852", "89714"]}