{"track_id": 4010, "course_type": "CHOICE", "year_in_studies": 3, "index_in_track_year": 5, "required_course_count": null, "required_points": null, "comment": "קורסים של המכון הבינאוניברסיטאי באילת - ניתן לקחת קורס אחד בלבד במהלך כל התואר כחלק מנקודות הבחירה או השלמה לתואר של מדעי החיים", "course_ids": ["76701", "76702", "76703", "76704", "76705", "76711", "76713", "76715", "76724", "76731", "76732"]}