{"track_id": 4010, "course_type": "CHOICE", "year_in_studies": 3, "index_in_track_year": 4, "required_course_count": null, "required_points": null, "comment": ". לימודי בחירה: יש ללמוד קורסים בהיקף 19 נקודות זכות+ להשלמת הנקודות במדעי החיים. ניתן לכלול בלימודי הבחירה גם קורס אחד מבין קורסי המכון הבינאוניברסיטאי באילת", "course_ids": ["72151", "72171", "72329", "72350", "72352", "72359", "72582", "72585", "72587", "72605", "72616", "72619", "72623", "72625", "72633", "72637", "72639", "72646", "72651", "72653", "72664", "72665", "72674", "72677", "72678", "72679", "72683", "72687", "72707", "72708", "72722", "72745", "72756", "86802", "88895", "89312", "89520", "89714", "89777", "90106", "90407", "90410", "90705", "90820", "90889", "90889", "94623", "94667", "94679", "94853"]}